, summoner id,Unnamed: 0,Unnamed: 0.1,summoner name,summoner_id
0,83089576.0,0.0,0.0,Chasér,
1,2648.0,1.0,1.0,Pobelter,
2,,2.0,2.0,Chasér ,83089576.0
3,,3.0,3.0,Linsaníty,21498922.0
4,,4.0,4.0,Licorice,34983603.0
5,,5.0,5.0,Teamfighting,61727429.0
6,,6.0,6.0,Humble Diligent,83339123.0
7,,7.0,7.0,TS Freeze,83669264.0
8,,8.0,8.0,Pobelter,2648.0
9,,9.0,9.0,Imaqtpie,19887289.0
10,,10.0,10.0,NotASmartPlayer,20947579.0
11,,11.0,11.0,God Fist Monk,22015124.0
12,,12.0,12.0,C9 Ray,77179274.0
13,,13.0,13.0,Apollo Price,7250.0
14,,14.0,14.0,ArrowP1,85269313.0
15,,15.0,15.0,onlyW,73170218.0
16,,16.0,16.0,5tunt,68401488.0
17,,17.0,17.0,Win or Learn,32653422.0
18,,18.0,18.0,insaníty,37481045.0
19,,19.0,19.0,Acoldblazeolive,30366254.0
20,,20.0,20.0,Keegun,68603405.0
21,,21.0,21.0,Daarr,20918669.0
22,,22.0,22.0,stuntopolis,35592112.0
23,,23.0,23.0,Rikara,21124626.0
24,,24.0,24.0,NV Nisqy,87119119.0
25,,25.0,25.0,FenixXx,60939398.0
26,,26.0,26.0,C9 Sneaky,51405.0
27,,27.0,27.0,Naeun,20026969.0
28,,28.0,28.0,StopEatingFood,85889107.0
29,,29.0,29.0,Whatcha Say,40220617.0
30,,30.0,30.0,TF Blade,40036262.0
31,,31.0,31.0,Révenge,77211676.0
32,,32.0,32.0,blackha1r man,87129089.0
33,,33.0,33.0,blaberfish2,19839806.0
34,,34.0,34.0,GangstahSwerve,40984753.0
35,,35.0,35.0,swoloHey,60329217.0
36,,36.0,36.0,C9 Gun,44989337.0
37,,37.0,37.0,Ssumdayday,83089575.0
38,,38.0,38.0,nziety,68301925.0
39,,39.0,39.0,always plan ahea,30046300.0
40,,40.0,40.0,Wıntér ,77211704.0
41,,41.0,41.0,She Limp,69769708.0
42,,42.0,42.0,NightBloom,35097344.0
43,,43.0,43.0,Ablazeolive,446965.0
44,,44.0,44.0,Lebron Jamés ,29533033.0
45,,45.0,45.0,Gunasuka,73759236.0
46,,46.0,46.0,PrismaI,22447403.0
47,,47.0,47.0,Ssita,75871549.0
48,,48.0,48.0,goldenglue,21490433.0
49,,49.0,49.0,Piggy Kitten,30266347.0
50,,50.0,50.0,Waterboy Vulcan,21276764.0
51,,51.0,51.0,Jue VioIe Grace,34925733.0
52,,52.0,52.0,freelancer,20142680.0
53,,53.0,53.0,Jurassiq,23353829.0
54,,54.0,54.0,Bobjenkins,27519370.0
55,,55.0,55.0,improveandgrow,70439694.0
56,,56.0,56.0,19950307,65389099.0
57,,57.0,57.0,Cris,19770082.0
58,,58.0,58.0,TWTFSSM,72749306.0
59,,59.0,59.0,Cotosaurio,26410615.0
60,,60.0,60.0,hyungseokking,83039568.0
61,,61.0,61.0,t d,54886348.0
62,,62.0,62.0,Strompest,42133105.0
63,,63.0,63.0,MlST,28982480.0
64,,64.0,64.0,Diamond 1 Khazix,54953447.0
65,,65.0,65.0,DopaSenKer,21645177.0
66,,66.0,66.0,joong ki song,76379684.0
67,,67.0,67.0,flameflameflame,82789571.0
68,,68.0,68.0,Wiggily,20130821.0
69,,69.0,69.0,BillyBoss1,193759.0
70,,70.0,70.0,dawolfsfang,579475.0
71,,71.0,71.0,Falcon God,32705024.0
72,,72.0,72.0,Jako5000,20156051.0
73,,73.0,73.0,dog2,21193032.0
74,,74.0,74.0,Lord Jirall,19875787.0
75,,75.0,75.0,P1 Shady,59189004.0
76,,76.0,76.0,Jackoo,39026110.0
77,,77.0,77.0,deftIy,23552941.0
78,,78.0,78.0,RyuShoryu,38911162.0
79,,79.0,79.0,Tuesdayy,34022147.0
80,,80.0,80.0,Erry,28663867.0
81,,81.0,81.0,Abou222,20072604.0
82,,82.0,82.0,Zib Nibbler,28329959.0
83,,83.0,83.0,Faith in Myself,24597513.0
84,,84.0,84.0,Hakuho,21193669.0
85,,85.0,85.0,Immortal Emperor,78739091.0
86,,86.0,86.0,WAR I Am Groot,36782900.0
87,,87.0,87.0,Kurumz,40279866.0
88,,88.0,88.0,TSelfie,65319227.0
89,,89.0,89.0,Doublelift,20132258.0
90,,90.0,90.0,hi its vìper,77269277.0
91,,91.0,91.0,Somin,21351258.0
92,,92.0,92.0,SWKM,59685.0
93,,93.0,93.0,frozen tundra,80050514.0
94,,94.0,94.0,VXlN Wedabest,77212642.0
95,,95.0,95.0,Chimonaa1,26114733.0
96,,96.0,96.0,MikeYeung,81859385.0
97,,97.0,97.0,lark1,36653735.0
98,,98.0,98.0,Pekin Woof,21903966.0
99,,99.0,99.0,woops sorry mb,24017482.0
100,,100.0,100.0,Ai Ai Ai Ai,22325691.0
101,,101.0,101.0,RF Legendaddy,32917259.0
102,,102.0,102.0,WildTurtle,521955.0
103,,103.0,103.0,Won77,82439805.0
104,,104.0,104.0,xIrezz,34053563.0
105,,105.0,105.0,Eitori,37832463.0
106,,106.0,106.0,SandPaperX,22141445.0
107,,107.0,107.0,god tupo,83339297.0
108,,108.0,108.0,N For New York,22717034.0
109,,109.0,109.0,Paid By Steve,87139143.0
110,,110.0,110.0,GCU Rikara,66052640.0
111,,111.0,111.0,Phaxen,20793637.0
112,,112.0,112.0,Grigne,21542029.0
113,,113.0,113.0,chelly,69709179.0
114,,114.0,114.0,NoahMost,23479635.0
115,,115.0,115.0,Allorim,24671130.0
116,,116.0,116.0,HazardFP,55401833.0
117,,117.0,117.0,Deep Learning,170340.0
118,,118.0,118.0,xFSN Rin,21836856.0
119,,119.0,119.0,BukZacH,20227573.0
120,,120.0,120.0,Scrandor,23245665.0
121,,121.0,121.0,Wazabiee,23769101.0
122,,122.0,122.0,Zerrsog,20167809.0
123,,123.0,123.0,Kazahana,36119978.0
124,,124.0,124.0,Arcsecond,27470522.0
125,,125.0,125.0,Prime Gom,25452628.0
126,,126.0,126.0,v dog,36432745.0
127,,127.0,127.0,Metaphor,84759118.0
128,,128.0,128.0,GCU MadLife,83039569.0
129,,129.0,129.0,5word,41258646.0
130,,130.0,130.0,Descraton,20047271.0
131,,131.0,131.0,Sarcasm Orgasm,23519789.0
132,,132.0,132.0,Vincente,77432783.0
133,,133.0,133.0,AltecJohnnyYQX,85269314.0
134,,134.0,134.0,Spectrum,19822981.0
135,,135.0,135.0,Qissaruj,38375098.0
136,,136.0,136.0,Value,24858283.0
137,,137.0,137.0,Vìncent,21652056.0
138,,138.0,138.0,Liquid Lourlo,19061980.0
139,,139.0,139.0,Morïarty,20636732.0
140,,140.0,140.0,adrianma1,65409096.0
141,,141.0,141.0,Števens,23338812.0
142,,142.0,142.0,Manifest,22014010.0
143,,143.0,143.0,Søren Bjerg,49159160.0
144,,144.0,144.0,Maxtrobo,23775048.0
145,,145.0,145.0,TdollasAKATmoney,20078731.0
146,,146.0,146.0,Suzy the cutie,46316160.0
147,,147.0,147.0,Str1fe,19806051.0
148,,148.0,148.0,Titan Dweevil,23965783.0
149,,149.0,149.0,MistyStumpey,41233933.0
150,,150.0,150.0,VálÉÑti,37422723.0
151,,151.0,151.0,TSB Ethiridis,71350203.0
152,,152.0,152.0,MikeYeunglol,83640709.0
153,,153.0,153.0,Pransie,25163382.0
154,,154.0,154.0,Yassuo,156090.0
155,,155.0,155.0,Akaadian4,79420232.0
156,,156.0,156.0,yeedam,24154639.0
157,,157.0,157.0,TheOddOrange,22696988.0
158,,158.0,158.0,Pond,49751204.0
159,,159.0,159.0,TG Strompest,56149487.0
160,,160.0,160.0,Chàse,25232745.0
161,,161.0,161.0,J0nny Craig,27794083.0
162,,162.0,162.0,i need some suga,50169258.0
163,,163.0,163.0,Criś,21367804.0
164,,164.0,164.0,AchiIIes Heal,41885666.0
165,,165.0,165.0,biblee,38857618.0
166,,166.0,166.0,Annie Bot,35590582.0
167,,167.0,167.0,Adrian Ma,58060767.0
168,,168.0,168.0,dàwolfsclaw,581716.0
169,,169.0,169.0,HvK Blitzy,82769263.0
170,,170.0,170.0,Hobbler,83039481.0
171,,171.0,171.0,Liquid Ezra,19732914.0
172,,172.0,172.0,Liquid Pain,47706407.0
173,,173.0,173.0,Heisendong,20411671.0
174,,174.0,174.0,Julien,36111109.0
175,,175.0,175.0,Archhangel,450059.0
176,,176.0,176.0,GL IM ZWAG,33689088.0
177,,177.0,177.0,CaillouX,22206078.0
178,,178.0,178.0,Fiftygbl,21063764.0
179,,179.0,179.0,Boyfriend,22079480.0
180,,180.0,180.0,Jayms,30936371.0
181,,181.0,181.0,KillerUnit,45668239.0
182,,182.0,182.0,Autolycus1,32225785.0
183,,183.0,183.0,Soligo,38880034.0
184,,184.0,184.0,Rivengsuo ,22862485.0
185,,185.0,185.0,obn,87449145.0
186,,186.0,186.0,scarra,10077.0
187,,187.0,187.0,Berta Lovejoy,75290273.0
188,,188.0,188.0,mulgokizary,29161654.0
189,,189.0,189.0,Jòéy,66929247.0
190,,190.0,190.0,ªłº,20248040.0
191,,191.0,191.0,2LqUC0VRj8,79029093.0
192,,192.0,192.0,CLA Tuesday,20202108.0
193,,193.0,193.0,CHIEF KEITH,79681807.0
194,,194.0,194.0,Yur1 Boyka,19963418.0
195,,195.0,195.0,FáteFálls,35164431.0
196,,196.0,196.0,kina,68211391.0
197,,197.0,197.0,C9 Smoothie,20823651.0
198,,198.0,198.0,Steel I,129380.0
199,,199.0,199.0,fulano,48637590.0
200,,200.0,200.0,xxxwlxxxwlxxxwl,31113559.0
201,,201.0,201.0,Lava,19812679.0
202,,202.0,,Nexevis,29647265.0
203,,203.0,,asdfdjphase,72519164.0
204,,204.0,,runemyear,28454165.0
205,,205.0,,I Shadow l,21947923.0
206,,206.0,,Freeze,31687588.0
207,,207.0,,WINTER BREAK,50490414.0
208,,208.0,,Knight Lance,56239277.0
209,,209.0,,YuenManLong,73459106.0
210,,210.0,,Billy Yu,23047261.0
211,,211.0,,gregorio,33809635.0
212,,212.0,,QG Sw1ft,22436894.0
213,,213.0,,Big Otis,22842898.0
214,,214.0,,LL Trigger,32292994.0
215,,215.0,,DPSforFPS,30614752.0
216,,216.0,,SN Fockus,22787428.0
217,,217.0,,Vao,28447095.0
218,,218.0,,iVier,24270448.0
219,,219.0,,fallenbandit,19698094.0
220,,220.0,,Sikeylol,23213125.0
221,,221.0,,Aranium,20115278.0
222,,222.0,,Yami,21747804.0
223,,223.0,,Fragnat1c,448372.0
224,,224.0,,Based Yoona,28725693.0
225,,225.0,,iLLesT LoGiK,47679672.0
226,,226.0,,AWildMiMo,22138282.0
227,,227.0,,Final Hour Vayne,19970245.0
228,,228.0,,LegitKorea,27342100.0
229,,229.0,,tigerjjayman,41743864.0
230,,230.0,,sad yogurt,57691156.0
231,,231.0,,TheEggMen,20845130.0
232,,232.0,,vStarzzz,20794181.0
233,,233.0,,McCashDollar,21328540.0
234,,234.0,,Wunderful,25021938.0
235,,235.0,,True Miku Fan,22497176.0
236,,236.0,,TryndOrDiscoNunu,70439369.0
237,,237.0,,CloudNguyen,30871780.0
238,,238.0,,GordanRamsey,443735.0
239,,239.0,,Nove ,30125892.0
240,,240.0,,cuck,25880450.0
241,,241.0,,sexycan,20610274.0
242,,242.0,,Batmun,20074883.0
243,,243.0,,Immortal Adrian,56397325.0
244,,244.0,,Super Smashd,50236984.0
245,,245.0,,Fox BIG,19577112.0
246,,246.0,,Hey Man You Own,57029156.0
247,,247.0,,REN Freeze,73170082.0
248,,248.0,,ChodeBoy5000,28428654.0
249,,249.0,,Lackless,29130154.0
250,,250.0,,Huni is ADC,72749305.0
251,,251.0,,KitKatxz,23715786.0
252,,252.0,,Im Papa Chau,22991783.0
253,,253.0,,VSG VeryBitter,28661557.0
254,,254.0,,yellowStar1,73120157.0
255,,255.0,,Steefo,24456215.0
256,,256.0,,im not fenix,73099358.0
257,,257.0,,Bulgarian mid,41275742.0
258,,258.0,,Sanic Boom,29699937.0
259,,259.0,,FeelzBardMan,20967557.0
260,,260.0,,Sepeku AW,27222755.0
261,,261.0,,DiceNrage,21259848.0
262,,262.0,,lron Pyrite,21014987.0
263,,263.0,,TM8,20533841.0
264,,264.0,,Masterfiend LFT,21883744.0
265,,265.0,,Scherb,26183864.0
266,,266.0,,medium sized DIG,59589193.0
267,,267.0,,keanefo,57039082.0
268,,268.0,,Gagdo,43230548.0
269,,269.0,,One Called Saint,138243.0
270,,270.0,,TransIogic,44979338.0
271,,271.0,,60 ping,61109246.0
272,,272.0,,Pretty Raheem,51589239.0
273,,273.0,,UGANDAN ROYALTY,32604173.0
274,,274.0,,DIG Kirei,71919334.0
275,,275.0,,Kunbee,25244896.0
276,,276.0,,C9 StealthBomber,44989300.0
277,,277.0,,C9 TOXIC JUNGLE,27832011.0
278,,278.0,,S Diana 2,37876161.0
279,,279.0,,1brayle,30512424.0
280,,280.0,,Thyak,20579425.0
281,,281.0,,DontCheese,72839308.0
282,,282.0,,Xenoncas,21806931.0
283,,283.0,,Teechu,26504490.0
284,,284.0,,eryf,19360235.0
285,,285.0,,EXLTRIKZ,27921067.0
286,,286.0,,Tower of God,21472039.0
287,,287.0,,NRG M0on,22951043.0
288,,288.0,,jungle is succes,72219088.0
289,,289.0,,1 for all,28957790.0
290,,290.0,,sanspareil2016,72849271.0
291,,291.0,,1035716423,26676087.0
292,,292.0,,Dir Yuny,54888638.0
293,,293.0,,Peng Yiliang,44979328.0
294,,294.0,,C9 Meteos,390600.0
295,,295.0,,KOTHMCBROFF,65989131.0
296,,296.0,,TedddyRO,68441133.0
297,,297.0,,cesuna,19877155.0
298,,298.0,,Beautiful Virgin,34196431.0
299,,299.0,,ktsmurf XD,30206248.0
300,,300.0,,Bodydr0p,20576181.0
301,,301.0,,import top,72581260.0
302,,302.0,,Raigarak,568629.0
303,,303.0,,JayJ,23162732.0
304,,304.0,,Lutano,20430775.0
305,,305.0,,White,20739331.0
306,,306.0,,jamee,31555234.0
307,,307.0,,snowjapanman,55963358.0
308,,308.0,,STR Near,62372968.0
309,,309.0,,myQQ1035716423,37542769.0
310,,310.0,,SSBM Hax,25104341.0
311,,311.0,,chelly,69719185.0
312,,312.0,,consensual cl0wn,38038926.0
313,,313.0,,Xazo,19846821.0
314,,314.0,,Zergbby,21144092.0
315,,315.0,,Andybendy,21103810.0
316,,316.0,,The Italian God,20332093.0
317,,317.0,,Liquid Matt,39040566.0
318,,318.0,,Liquid fabbbyyy,34287847.0
319,,319.0,,iQQ1035716423,62000829.0
320,,320.0,,blobs,21324344.0
321,,321.0,,Romanium,20024227.0
322,,322.0,,Akunorogia,23765764.0
323,,323.0,,Stixxay,31014009.0
324,,324.0,,windking6,22507642.0
325,,325.0,,07scaping,47651522.0
326,,326.0,,Sheep6,20962682.0
327,,327.0,,clowob,23694674.0
328,,328.0,,Ninjacrab,51731724.0
329,,329.0,,Revenge,29248275.0
330,,330.0,,hi its viper,39724091.0
331,,331.0,,Lowrlo,564332.0
332,,332.0,,GodPiglet,65409090.0
333,,333.0,,NA Inori,20389591.0
334,,334.0,,Chorong,532825.0
335,,335.0,,Hairyabs,22046494.0
336,,336.0,,STR Sawyer,47165206.0
337,,337.0,,Rohammers,20112175.0
338,,338.0,,Chunkylol,28039649.0
339,,339.0,,DogPiglet,47594464.0
340,,340.0,,wxmx,22140119.0
341,,341.0,,STFU Tit Jeremy,51802872.0
342,,342.0,,K The Lost King,19969614.0
343,,343.0,,Xpecial,19199530.0
344,,344.0,,who is she,26530897.0
345,,345.0,,Mithos Yggdrasil,38907423.0
346,,346.0,,KiWiKiD,24332462.0
347,,347.0,,d4rdoch,71701144.0
348,,348.0,,Flutterswain,26437250.0
349,,349.0,,The Tank Man,40661961.0
350,,350.0,,Poppers OP,24494578.0
351,,351.0,,Flaxxish,73119953.0
352,,352.0,,Scrumm,44952557.0
353,,353.0,,Contractz,32932398.0
354,,354.0,,hi i am CURSED,38924512.0
355,,355.0,,HustlinBonNA,73169861.0
356,,356.0,,Twitch Z Y XYDRA,34687275.0
357,,357.0,,Pooky Wan Kenobi,24560785.0
358,,358.0,,Riesig,28609701.0
359,,359.0,,OG DoubleG,72839334.0
360,,360.0,,coolrichkid123,56579871.0
361,,361.0,,1035716423QQ,20726321.0
362,,362.0,,Kurttttttttttttt,47371195.0
363,,363.0,,Zzzzzzzzz Baby,26737937.0
364,,364.0,,Reservation,25403638.0
365,,365.0,,Dylan Q Ta,30109995.0
366,,366.0,,Partikle,20113883.0
367,,367.0,,Yeoni,73099728.0
368,,368.0,,Geranimo,19259932.0
369,,369.0,,I AM COREAN,23014847.0
370,,370.0,,Rakyero,21328659.0
371,,371.0,,ThePrimaryEdict,24822765.0
372,,372.0,,Alex The Chief,27240475.0
373,,373.0,,aphromoo,442232.0
374,,374.0,,k3soju,19099654.0
375,,375.0,,Minishcap1,19470447.0
376,,376.0,,Stevens,20984584.0
377,,377.0,,bernie4president,38772045.0
378,,378.0,,I Have Dominated,38249375.0
379,,379.0,,KR Support in NA,24777351.0
380,,380.0,,Philly Funtime,24391296.0
381,,381.0,,Hi im ali,53282690.0
382,,382.0,,Outclass,35336480.0
383,,383.0,,IlIIIlIlIIIlIlIl,20211075.0
384,,384.0,,ScYx17,22465516.0
385,,385.0,,Edgeism,21567033.0
386,,386.0,,Lyful,25120940.0
387,,387.0,,Starr,20188990.0
388,,388.0,,le memes XD,217113.0
389,,389.0,,Doctapimpin,24662712.0
390,,390.0,,Luminus,23172578.0
391,,391.0,,Izine,20107377.0
392,,392.0,,OmegaB,398566.0
393,,393.0,,Hansir,73119120.0
394,,394.0,,I Want My Cigar,35110993.0
395,,395.0,,M B,28309453.0
396,,396.0,,Tyler1 Reformed,19885411.0
397,,397.0,,G String Only,23010446.0
398,,398.0,,lovecaocao001,43636202.0
399,,399.0,,Zeg Prime,26635798.0
400,,400.0,,Sjvir,44182421.0
401,,401.0,,Zeypherr,19285521.0
402,,402.0,,The Alpha Male,19997606.0
403,,403.0,,Jon The Jungler,30938311.0
404,,404.0,,LemurHumper,25373950.0
405,,405.0,,curz,31724464.0
406,,406.0,,Timeless y,53376375.0
407,,407.0,,carlyraejepsen69,51536565.0
408,,408.0,,Critsyl,39071591.0
409,,409.0,,Diamond,525607.0
410,,410.0,,Taikki,73759302.0
411,,411.0,,Liquid zig,19787999.0
412,,412.0,,Crying,23040080.0
413,,413.0,,MooMooMoooo,20058883.0
414,,414.0,,hacking machine,19984811.0
415,,415.0,,Fill LFT,48547745.0
416,,416.0,,Danny Cute Body,21136629.0
417,,417.0,,PARKJONGWON,28897827.0
418,,418.0,,Biofrost ,22478427.0
419,,419.0,,TiP Sub Beibei,32730899.0
420,,420.0,,NiNiGod,64141304.0
421,,421.0,,banana baileys,25935242.0
422,,422.0,,RF Legendary,19209176.0
423,,423.0,,AsianSGpotato,36447212.0
424,,424.0,,sunaura,22154562.0
425,,425.0,,Young Spoderz,53630931.0
426,,426.0,,Luck TesTnT,70139078.0
427,,427.0,,Che Thai,30042959.0
428,,428.0,,Tired Toplaner,28329804.0
429,,429.0,,Shiphtur,19967304.0
430,,430.0,,RemindMeRemi,59145200.0
431,,431.0,,I AM TOO BUFF,32299406.0
432,,432.0,,DevilMercury,58746866.0
433,,433.0,,evilaxeL,24760331.0
434,,434.0,,MrJuneJune,35796485.0
435,,435.0,,Shorthop,23855467.0
436,,436.0,,Shadytreee,36843028.0
437,,437.0,,Ensign Ledo,22434579.0
438,,438.0,,Forest or Troll,47153114.0
439,,439.0,,Haruka,19926474.0
440,,440.0,,MBR LOD,57539163.0
441,,441.0,,Edxecutus,32863459.0
442,,442.0,,deps,28978271.0
443,,443.0,,Doubtfull,50877721.0
444,,444.0,,SoreScar,50749225.0
445,,445.0,,Quantum Fizzics,20082683.0
446,,446.0,,VoiDBosS,22033467.0
447,,447.0,,ProofOfPayment,21402394.0
448,,448.0,,Lydia IX,21260950.0
449,,449.0,,Secret EU ADC,19912360.0
450,,450.0,,Insidious Slayer,37755868.0
451,,451.0,,iluvcurry69,43807141.0
452,,452.0,,Biu Biu Bia QVQ,29524119.0
453,,453.0,,LearningToPIay,21679233.0
454,,454.0,,WISELEYHO,20465544.0
455,,455.0,,Xandertrax,30184991.0
456,,456.0,,Easy,20764411.0
457,,457.0,,Aceyy,34133797.0
458,,458.0,,Emily Supports U,32878327.0
459,,459.0,,legend never die,37130772.0
460,,460.0,,54bomb99,31937841.0
461,,461.0,,Titan,413139.0
462,,462.0,,prohibit,19936601.0
463,,463.0,,Jsherr,20748779.0
464,,464.0,,TR TeeSum,20962399.0
465,,465.0,,Locke Lamora,30575166.0
466,,466.0,,Saranghamnida,28426754.0
467,,467.0,,W0WFlXZ,36400685.0
468,,468.0,,Happy Birfdizzay,38579589.0
469,,469.0,,TheBadW0lf,23258384.0
470,,470.0,,Eveloken,72680640.0
471,,471.0,,LEGEND FOB,20706861.0
472,,472.0,,LockDown Exec,20868998.0
473,,473.0,,Airtom,22074992.0
474,,474.0,,IlIlIllllllIIlIl,39783722.0
475,,475.0,,eMthy,37388071.0
476,,476.0,,The Solo King P,31616072.0
477,,477.0,,lIlIlIIIIlIIIlII,465551.0
478,,478.0,,BJNA,49509426.0
479,,479.0,,Qq1035716423me,40999945.0
480,,480.0,,Hexadecimal,19196558.0
481,,481.0,,Pozay,44989089.0
482,,482.0,,Zaganox,31588136.0
483,,483.0,,Kimmy Yu,23110168.0
484,,484.0,,Ban Nidalee,20019356.0
485,,485.0,,Marksmans,23789807.0
486,,486.0,,Sal Jr,41681348.0
487,,487.0,,mandatorycloud,200553.0
488,,488.0,,Skid,21134311.0
489,,489.0,,dj829jdo923hdo82,46280307.0
490,,490.0,,xFSN Saber,401063.0
491,,491.0,,chakhae,24907087.0
492,,492.0,,eeladin,48535716.0
493,,493.0,,Triumphant Fiora,70542063.0
494,,494.0,,Faker Melon,39745149.0
495,,495.0,,Herald 0f Death,41926290.0
496,,496.0,,hi im gosu,23557909.0
497,,497.0,,KRN Shockader,21125652.0
498,,498.0,,KRN 0kay,22922261.0
499,,499.0,,llIlIllIIllIlIlI,28452508.0
500,,500.0,,24736512,19347207.0
501,,501.0,,NDP Event,21623482.0
502,,502.0,,DZG pp7,21483550.0
503,,503.0,,dotaku2,36385555.0
504,,504.0,,im Jungle,25097128.0
505,,505.0,,Joo Won,64349078.0
506,,506.0,,Feht,237707.0
507,,507.0,,i KeNNy u,20971952.0
508,,508.0,,Xeralis,20240406.0
509,,509.0,,Cryptic Reason,21451895.0
510,,510.0,,AnomalyReformed,21429782.0
511,,511.0,,Liquid Inori,35221469.0
512,,512.0,,Akaadian,28749880.0
513,,513.0,,JenSharChen,22757842.0
514,,514.0,,Living Mechanics,59859262.0
515,,515.0,,BIGGILBERT,19698354.0
516,,516.0,,Modern Support,34113765.0
517,,517.0,,Arachnoph0bia,47161782.0
518,,518.0,,Zyphere,21334422.0
519,,519.0,,ZionSpartan,19738326.0
520,,520.0,,Beasted,20435125.0
521,,521.0,,I am Fearless,22028158.0
522,,522.0,,I AM TOO NASTY,26074904.0
523,,523.0,,Prestivent,25243945.0
524,,524.0,,Robert Knepper,38291484.0
525,,525.0,,A Korean Girl,26712726.0
526,,526.0,,ZcarpLLc,50600522.0
527,,527.0,,Synderal,58590571.0
528,,528.0,,V is for Virus,29605083.0
529,,529.0,,SirhcEzFanBoi,19868602.0
530,,530.0,,Turkish Coffee,22991854.0
531,,531.0,,ThatOneGuy,27380863.0
532,,532.0,,D Gatez,23166774.0
533,,533.0,,The Prayer,36902431.0
534,,534.0,,Pytrigon,18995569.0
535,,535.0,,Traya,37144097.0
536,,536.0,,Diversa,24236539.0
537,,537.0,,Valarax,21147856.0
538,,538.0,,Enrique2pe,22523843.0
539,,539.0,,Vietnamies,47419331.0
540,,540.0,,Tiny Warhead,40258860.0
541,,541.0,,XIV XtremeX,21241388.0
542,,542.0,,Quest and K0,24250693.0
543,,543.0,,Bladed Thesis,240344.0
544,,544.0,,redstratos,38252587.0
545,,545.0,,Vibrato,23293091.0
546,,546.0,,Mimsy v2,28571370.0
547,,547.0,,Expressive,37532228.0
548,,548.0,,Mikey the Bully,21390649.0
549,,549.0,,Imentice,39057961.0
550,,550.0,,Stebb,40835255.0
551,,551.0,,Awakens,92961.0
552,,552.0,,TheLastAirbender,22928703.0
553,,553.0,,XPsionicsx,20640052.0
554,,554.0,,God Tier Panth,28901185.0
555,,555.0,,The Wonder Pets,19596467.0
556,,556.0,,Sophist Sage,38809624.0
557,,557.0,,Soveuhatsugem,44600433.0
558,,558.0,,g0g0g0g0g0g0g0g0,68572495.0
559,,559.0,,Wo Hen 666666,36349557.0
560,,560.0,,jnj e,19146984.0
561,,561.0,,YOUMADSIS,23623012.0
562,,562.0,,Janna Mechanics,23907257.0
563,,563.0,,toontown,36718800.0
564,,564.0,,spermbanked,23150461.0
565,,565.0,,BestGravesCnMA,69892366.0
566,,566.0,,Neiloo,26190939.0
567,,567.0,,C9 Jensen,68479082.0
568,,568.0,,R I P Mcbaze,25005620.0
569,,569.0,,Dyrsexual,71710976.0
570,,570.0,,SAGA KevinC,21262532.0
571,,571.0,,Laborious,20063901.0
572,,572.0,,Zary,26082266.0
573,,573.0,,meurem,26251353.0
574,,574.0,,May 13,22724185.0
575,,575.0,,Radara,19424219.0
576,,576.0,,Just10,28920560.0
577,,577.0,,Slush,28474419.0
578,,578.0,,taro slushy,20397533.0
579,,579.0,,Seranok,29557073.0
580,,580.0,,ChinchilaBreeder,32638311.0
581,,581.0,,UnicornGG,21706564.0
582,,582.0,,SubieGames,71919484.0
583,,583.0,,Hwarang Do,30743640.0
584,,584.0,,LoquaciousG,19793589.0
585,,585.0,,Blumkins,20651931.0
586,,586.0,,Engel des Todes,22361153.0
587,,587.0,,Yo Saki,56013836.0
588,,588.0,,CLG Daboriftu,70339477.0
589,,589.0,,Shout3s Woshi BD,53950456.0
590,,590.0,,DreamTime,42981270.0
591,,591.0,,lading sheshou,37253450.0
592,,592.0,,Empress Bee,32233540.0
593,,593.0,,fuyvznmy,51408795.0
594,,594.0,,xHypoxia,32191484.0
595,,595.0,,Exotic Shorthair,25743603.0
596,,596.0,,Ranullf,20914354.0
597,,597.0,,Gucci Tang,22738595.0
598,,598.0,,Focus Riven,37786342.0
599,,599.0,,Abyssions,20021357.0
600,,600.0,,AIrighty,34022582.0
601,,601.0,,Sir Celery,45038172.0
602,,602.0,,CurrentOcean,43652327.0
603,,603.0,,Echo Fox kfo,73170120.0
604,,604.0,,Kubz91,42825436.0
605,,605.0,,Can Of Tofu,67029804.0
606,,606.0,,Jarood,25002090.0
607,,607.0,,Academiic,24830770.0
608,,608.0,,Coggles x,68669177.0
609,,609.0,,Stupid Jock,20901015.0
610,,610.0,,Best Riven NA,32400810.0
611,,611.0,,tom12192,38570501.0
612,,612.0,,Peridot,65875.0
613,,613.0,,Aideren,24839652.0
614,,614.0,,SnowFlake C,28971774.0
615,,615.0,,fresh and moist,23774286.0
616,,616.0,,Goxtry,25599243.0
617,,617.0,,SmooshyCake,24491732.0
618,,618.0,,The Baker Baking,36338129.0
619,,619.0,,Izaiya,50827543.0
620,,620.0,,Indian Mama,34304697.0
621,,621.0,,waxxx,35323201.0
622,,622.0,,LikeAMaws,28437579.0
623,,623.0,,GAMER GIRL,32556358.0
624,,624.0,,Shynon,19930588.0
625,,625.0,,1onz,307822.0
626,,626.0,,l Goldencondom l,22392184.0
627,,627.0,,Koonsa,37910602.0
628,,628.0,,caaaaaaaaaaaaake,22005573.0
629,,629.0,,cute jungler,19455703.0
630,,630.0,,Darsuo,41745551.0
631,,631.0,,Ivan Pavlov,25166026.0
632,,632.0,,Potency,28465675.0
633,,633.0,,Sinickle,21539405.0
634,,634.0,,akafack,36753193.0
635,,635.0,,MasterMing,30546780.0
636,,636.0,,Drempa,73459189.0
637,,637.0,,lllIIIllIIlI,35731579.0
638,,638.0,,FrostyLights,31198030.0
639,,639.0,,Nativ3 Nut,22365457.0
640,,640.0,,Deep Fried Teemo,24538246.0
641,,641.0,,ImThem,26460764.0
642,,,,HOoZy2,38966845.0
643,,,,camtheham,35570736.0
644,,,,Ajido,34761215.0
645,,,,Hanjaro,27291302.0
646,,,,L0L Wal,37548214.0
647,,,,Unknown JungIer,66541554.0
648,,,,SKT Frost,66401633.0
649,,,,Nebulite,22941674.0
650,,,,Liquid Painless,26851284.0
651,,,,TheIntenseMango,22076548.0
652,,,,Cosmic Death,21786647.0
653,,,,Hollywood NA,25060965.0
654,,,,Lord Christo II,22143513.0
655,,,,Tolemeo,38318616.0
656,,,,Unpleasant,40703542.0
657,,,,QQ1035716423q,59884386.0
658,,,,Q1035716423,35613563.0
659,,,,Damonte,32672912.0
660,,,,EvanRL,21557951.0
661,,,,Clyde Bot,22292020.0
662,,,,IlilillIIllIl,73469273.0
663,,,,Slooshi8,20024304.0
664,,,,Koby,34680633.0
665,,,,King Brew,20779460.0
666,,,,BJRodgers,37774807.0
667,,,,DW shernfire ROC,68159208.0
668,,,,baddies tilt me,20026563.0
669,,,,Ragexx,32311909.0
670,,,,An Nuo l,53373482.0
671,,,,King Kenneth,24444602.0
672,,,,1993 nice boy,19925775.0
673,,,,Miyu Loves You,67019274.0
674,,,,rejoovenation,25317334.0
675,,,,Jeem,21133544.0
676,,,,Jos,30365948.0
677,,,,ALL CAPS LEGEND,30319179.0
678,,,,KillerHeedonge,36579620.0
679,,,,Gifting,34807542.0
680,,,,Alexandtheo,32004867.0
681,,,,C9 Rush,65399098.0
682,,,,stfedsufenuf,22963297.0
683,,,,grnlefboy,20387972.0
684,,,,ChickenNugget,33987970.0
685,,,,DCMA Facker,30622607.0
686,,,,Trick2s Hairline,23132551.0
687,,,,Hoan,25192823.0
688,,,,Mogric,64842906.0
689,,,,HvK LiquidDiego,23568562.0
690,,,,WoIff,39525309.0
691,,,,O N,28641263.0
692,,,,Dibrickishaw,41002628.0
693,,,,chuck normis,19243208.0
694,,,,Hotrodtough,42764529.0
695,,,,5 2 0 1 3 ,20963430.0
696,,,,The Tilted Meme,37737799.0
697,,,,Geraniho,66803988.0
698,,,,MeNoHaxor,71715.0
699,,,,Nightblue3,25850956.0
700,,,,Extremely Stupid,26123163.0
701,,,,Guonade,23162549.0
702,,,,MikeHct,32311174.0
703,,,,Gluteus,34290293.0
704,,,,Artha,20163405.0
705,,,,JJunWon,51899902.0
706,,,,Holyduck,23038926.0
707,,,,I Voice I,28835988.0
708,,,,BB Enju,71609306.0
709,,,,Blademanzen,23573965.0
710,,,,Outbreak Company,34088689.0
711,,,,Kitzuo,26314816.0
712,,,,Masayoshi,22586751.0
